I'm looking for a Universal Thread crossbody bag,The Universal Thread Crossbod bag is in aisle O8
I want a Good & Gather Peach Honey Tea and a Regular Clorox,The Peach Honey Tea is in aisle F12. The Regular clorox is in aisle B14.
I need a Throw Blanket,Throw Blankets are in Home|Home Decord|Throw Blankets section
Do you have any Frozen fruit?,Frozen fruit is in Grocery|Frozen Foods|Frozen Fruit section
"I'm looking for a Revlon ColorStay Day to Night Eyeshadow, also I want to know if you have Smuckers frozen peanut butter sandwich.",The Eyesahdow is in Aisle A1. The Smucker's Sandwich is in aisle F18
I want a Pacifica Kind Tint ,Pacifica Kind Tint is in aisle A8
I want any odor removing gel,Odor removing gel is in  Household Essentials|Air Fresheners section
I'm looking for Hilma Indigestion Relief Vegan Capsules and a Night Repair Cream,Hilma vegan capsules ar in aisle A21. Night repair cream is in Beauty|Skin Care|Moisturizers section
Do you have Spiderman kid socks?,Kid scoks are in Aisle O7
I'm a plus sized woman. Do you have any Sheer Control Top Tights for me?,Women's Plus Size 20D Sheer Control Top Tights should be in aisle O6
I'm looking for Dove Beauty deodorant and a Catnip Cat toy,Dove Beauty deodorants are in aisle A13. Cat Toys in aisle B20.
I need Woven Pull-On shorts for my toddler Girl,Woven Pull-On Shorts are in aisle O7
Please tell me you have Kids' Slip-On footbed sandals,Kid Sandals are in aisle O7
I want Campbell's Condensed Vegetable Beef Soup,Campbell's soup is in aisle F18
I need a wet brush paddle detangler and a coco nut oil conditioner.,Hair care is in aisle A10
I want Whey protein,Whey Protein is in aisle A22
"I'm taking my kids to the beach, I need Girl sunglasses and kid swim goggles",Girl sunglasses are in aisle O4. Swim goggles are in aisle D40
"I love P.F. Changs, do you have Frozen Honey Chicken?",P.F. Chang's Frozen Honey Chicken is in aisle F18
I'm looking for baby food.,Baby Food is in aisle J14.
I'm looking for a Vizio Smart TV,TVs are in aisle F37
I want a Baby Dino Top and Bottom set,Baby Clothing is in aisle O9
Pacifica Glow Stick Lip Oil,Pacifica Glow Stick Lip Oil is in aisle A10
"Hola, quiero un yogurt Chobani de berries.",Chobani Yogurts are in aisle F23
Raspberry Fig Bar  and Artificial Snake Plant in Pot ,Cereal Bars are in aisle F11. Decorative Objects in aisle G16
Pickleball Set A25,Pickelball set is in aisle G1
FAO Schwarz Street Chic Fashionistas Wash-And-Color Design Dolls 23pc,FAO Schwarz products are in aisle G14
Do you have the LeapFrog Wooden AlphaPup?,STEM toys are in aisle D33
I want a Fido Clamp Canning Jar,Fido Clamp Canning Jars are in aisle H16
Cheez-It Hot & Spicy crackers,Crackers are in aisle F7
Corsair HS55,Corsair HS55 headset is in aisle F35
Peppa Pig Bedtime,Toys are in aisle D34
Men Long Sleeve Button-Down Shirt,Men tops are in aisle O8
I want antibacteial hand wipes,Hand sanitizers are in aisle A16
I want a baby musical toy,Baby toys are in aisle J16
Halls Cough Drops,Halls Cough Drop are in aisle A20
JBL headphones,Headphones are in aisle F36
Cloud Island BabySleepy Safari Zip-Up,Baby socks and bootie are in aisle O8
I want Friskies cat treats and wet dog food,Pet food is in aisle B20
Chuckle & Roar Spaceship Pop-Up Kids' Play Tent,Kids' Furniture is in aisle G16
Culturelle Probiotics,Vitamins & Supplements are in aisle A20
